{
  "setting": {},
  "condition": {
    "plugin": {
      "list": []
    },
    "game": {
      "list": []
    },
    "gamePlugin": {
      "list": []
    },
    "miniprogram": {
      "list": [
        {
          "name": "vidio/pages/page",
          "pathName": "vidio/pages/page",
          "query": "id=157",
          "scene": null
        },
        {
          "name": "piaoju/pages/page",
          "pathName": "piaoju/pages/page",
          "query": "aid=12",
          "scene": null
        },
        {
          "name": "crowdfund/pages/page",
          "pathName": "crowdfund/pages/page",
          "query": "id=12",
          "scene": null
        }
      ]
    }
  }
}