{
  "condition": {
    "plugin": {
      "list": []
    },
    "game": {
      "list": []
    },
    "gamePlugin": {
      "list": []
    },
    "miniprogram": {
      "list": [
        {
          "name": "pages/my/my",
          "pathName": "pages/my/my",
          "query": "id=157",
          "scene": null
        },
        {
          "name": "agent/pages/my",
          "pathName": "agent/pages/my",
          "query": "aid=12",
          "scene": null
        },
        {
          "name": "coupons/pages/cangets",
          "pathName": "coupons/pages/cangets",
          "query": "id=157",
          "scene": null
        }
      ]
    }
  }
}