{
  "setting": {},
  "condition": {
    "plugin": {
      "list": []
    },
    "game": {
      "list": []
    },
    "gamePlugin": {
      "list": []
    },
    "miniprogram": {
      "list": [
        {
          "name": "vidio/pages/page",
          "pathName": "vidio/pages/page",
          "query": "id=157",
          "scene": null
        },
        {
          "name": "agent/pages/my",
          "pathName": "agent/pages/my",
          "query": "aid=12",
          "scene": null
        },
        {
          "name": "crowdfund/pages/orders",
          "pathName": "crowdfund/pages/orders",
          "query": "id=7",
          "scene": null
        }
      ]
    }
  }
}