{
  "description": "项目配置文件",
  "packOptions": {
    "ignore": []
  },
  "setting": {
    "urlCheck": true,
    "es6": false,
    "postcss": false,
    "preloadBackgroundData": false,
    "minified": false,
    "newFeature": true,
    "coverView": true,
    "autoAudits": false,
    "showShadowRootInWxmlPanel": false,
    "scopeDataCheck": false,
    "checkInvalidKey": true,
    "checkSiteMap": true,
    "uploadWithSourceMap": true,
    "compileHotReLoad": false,
    "useMultiFrameRuntime": true,
    "useApiHook": true,
    "useApiHostProcess": false,
    "babelSetting": {
      "ignore": [],
      "disablePlugins": [],
      "outputPath": ""
    },
    "bundle": false,
    "useIsolateContext": true,
    "useCompilerModule": true,
    "userConfirmedUseCompilerModuleSwitch": false,
    "userConfirmedBundleSwitch": false,
    "packNpmManually": false,
    "packNpmRelationList": [],
    "minifyWXSS": true
  },
  "compileType": "miniprogram",
  "libVersion": "2.16.0",
  "appid": "wx6318775d43f4ce5e",
  "projectname": "camp",
  "cloudfunctionTemplateRoot": "",
  "watchOptions": {
    "ignore": []
  },
  "debugOptions": {
    "hidedInDevtools": []
  },
  "scripts": {},
  "simulatorType": "wechat",
  "simulatorPluginLibVersion": {},
  "condition": {
    "plugin": {
      "list": []
    },
    "game": {
      "list": []
    },
    "gamePlugin": {
      "list": []
    },
    "miniprogram": {
      "list": [
        {
          "name": "pages/my/my",
          "pathName": "pages/my/my",
          "query": "id=157",
          "scene": null
        },
        {
          "name": "agent/pages/buyVip",
          "pathName": "agent/pages/buyVip",
          "query": "aid=12",
          "scene": null
        },
        {
          "name": "coupons/pages/cangets",
          "pathName": "coupons/pages/cangets",
          "query": "id=157",
          "scene": null
        }
      ]
    }
  }
}